<?xml version="1.0" encoding="utf-8"?>
<RelativeLayout xmlns:android="http://schemas.android.com/apk/res/android"
    xmlns:app="http://schemas.android.com/apk/res-auto"
    xmlns:tools="http://schemas.android.com/tools"
    android:layout_width="match_parent"
    android:layout_height="match_parent"
    tools:context=".ArticlesActivity">
    
    <androidx.appcompat.widget.Toolbar
        android:layout_width="match_parent"
        android:layout_height="?attr/actionBarSize"
        android:background="@color/teal_700"
        android:layout_marginTop="0dp"
        android:id="@+id/toolbar">

        <RelativeLayout
            android:layout_width="match_parent"
            android:layout_height="wrap_content"
            tools:ignore="MissingConstraints"
            android:gravity="center_vertical">

            <TextView
                android:id="@+id/textView"
                android:layout_width="381dp"
                android:layout_height="55dp"
                android:accessibilityLiveRegion="polite"
                android:breakStrategy="high_quality"
                android:padding="10dp"
                android:text="Top News"
                android:textAlignment="center"
                android:textAppearance="@style/TextAppearance.AppCompat.Body2"
                android:textColor="@color/white"
                android:textSize="20sp"
                android:visibility="visible"
                tools:ignore="MissingConstraints"
                tools:layout_editor_absoluteX="14dp"
                tools:layout_editor_absoluteY="78dp"
                tools:visibility="visible" />

        </RelativeLayout>
    </androidx.appcompat.widget.Toolbar>

    <com.google.android.material.tabs.TabLayout
        android:layout_width="match_parent"
        android:layout_height="?attr/actionBarSize"
        android:layout_below="@id/toolbar"
        android:id="@+id/include"
        app:tabTextColor="@color/teal_700"
        app:tabSelectedTextColor="@color/black"
        app:tabIndicatorColor="@color/teal_700"
        app:tabMode="auto"
        android:layout_marginTop="0dp">

        <com.google.android.material.tabs.TabItem
            android:layout_width="wrap_content"
            android:layout_height="wrap_content"
            android:text="All News"
            android:id="@+id/all">

        </com.google.android.material.tabs.TabItem>

        <com.google.android.material.tabs.TabItem
            android:layout_width="wrap_content"
            android:layout_height="wrap_content"
            android:text="Technology"
            android:id="@+id/category">

        </com.google.android.material.tabs.TabItem>

        <com.google.android.material.tabs.TabItem
            android:layout_width="wrap_content"
            android:layout_height="wrap_content"
            android:text="Business"
            android:id="@+id/Business">

        </com.google.android.material.tabs.TabItem>

        <com.google.android.material.tabs.TabItem
            android:layout_width="wrap_content"
            android:layout_height="wrap_content"
            android:text="entertainment"
            android:id="@+id/categoryTwo">

        </com.google.android.material.tabs.TabItem>

        <com.google.android.material.tabs.TabItem
            android:layout_width="wrap_content"
            android:layout_height="wrap_content"
            android:text="General"
            android:id="@+id/categoryThree">

        </com.google.android.material.tabs.TabItem>
        <com.google.android.material.tabs.TabItem
            android:layout_width="wrap_content"
            android:layout_height="wrap_content"
            android:text="Health"
            android:id="@+id/categoryFour">

        </com.google.android.material.tabs.TabItem>
        <com.google.android.material.tabs.TabItem
            android:layout_width="wrap_content"
            android:layout_height="wrap_content"
            android:text="Science"
            android:id="@+id/categoryFive">

        </com.google.android.material.tabs.TabItem>
        <com.google.android.material.tabs.TabItem
            android:layout_width="wrap_content"
            android:layout_height="wrap_content"
            android:text="Sports"
            android:id="@+id/categorySix">

        </com.google.android.material.tabs.TabItem>

    </com.google.android.material.tabs.TabLayout>

    <androidx.viewpager.widget.ViewPager
        android:layout_width="match_parent"
        android:layout_height="match_parent"
        android:id="@+id/fragmentContainer"
        android:layout_below="@id/include"
        android:layout_marginTop="0dp">

    </androidx.viewpager.widget.ViewPager>

</RelativeLayout>